,target
0,-0.03801858406553223
1,-0.0469111168954881
2,-0.0074898366220054625
3,-0.04076378698053201
4,0.0012566580418586575
5,-0.019721558068245673
6,-0.00288691138358087
7,-0.059888185633562935
8,-0.052991678877289616
9,-0.05720436459665594
10,-0.05186502897921324
11,-0.0668852633656203
12,-0.0037634951469002666
13,0.17826510201166668
14,-0.06060132308590528
15,-0.021475240683363882
16,-0.05958760825843094
17,-0.036963457631225556
18,-0.03294940398676854
19,-0.04759337101848737
20,0.009182251259277666
21,0.15286889627326827
22,0.18889965997533814
23,0.004298867531981034
24,-0.009285535776530166
25,-0.0453359521746595
26,0.023954985627282415
27,0.17010957504325028
28,-0.03154954255532751
29,-0.030889070304638194
30,0.031262294750198545
31,-0.023888218266679598
32,-0.015412479109404485
33,-0.03218494900143564
34,-0.06198016638516319
35,-0.012684081720377953
36,-0.05541695722873012
37,-0.06418641706087985
38,-0.07909203276214712
39,0.012624718594935668
40,0.01263318317593844
41,-0.027086014524568953
42,0.00023014952845891543
43,0.15536287318804703
44,-0.0623956936204608
45,-0.03277855613014273
46,-0.05933177854662249
47,-0.035608990126636916
48,0.1158910482658336
49,-0.06364869667059236
50,-0.041424673939843164
51,-0.05748870058252633
52,-0.03903420069058752
53,-0.03979647817105251
54,0.10857243573837574
55,-0.03449381366685455
56,-0.05854921893868608
57,-0.05727205822828222
58,-0.053408429986665076
59,-0.040226522915047
60,-0.03487610656308737
61,-0.028174869053859602
62,-0.055424701685403206
63,0.16258327668201858
64,-0.018031704639826913
65,-0.034046590693900654
66,-0.05888884981336096
67,0.16247879284537403
68,-0.028594000031805386
69,0.1925947241569978
70,0.017551927963782507
71,0.014458157957077142
72,-0.044485556541859816
73,-0.01815028264722954
74,-0.029533009917675386
75,-0.052920101754999956
76,0.0017651114563707756
77,-0.016714646921726764
78,0.005340441458510712
79,-0.05638884756357761
80,0.12870550537910497
81,-0.03722117660834663
82,0.04197725582990119
83,-0.019275974525515587
84,-0.0636078898535536
85,-0.0415704803850629
86,-0.027264588242402254
87,0.0500339358902161
88,0.004819514096001087
89,-0.05820753916011062
90,-0.03798924055203688
91,-0.026365779630343773
92,-0.014531594273598776
93,-0.027435284551466432
94,-0.0007219347590101094
95,-0.05273426204909554
96,-0.06029464183265752
97,-0.030845065201278287
98,-0.03273572140498547
99,0.007455317083677257
100,0.12592764040740217
101,-0.017079995588498653
102,0.007095208458370629
103,-0.033959899173869816
104,-0.061306739350217195
105,-0.011246791742956055
106,-0.046355591810190604
107,-0.03833055721257178
108,-0.06683966676421876
109,-0.03139812195875324
110,0.005198620819461469
111,-0.05186502897921324
112,-0.03182916089151004
113,-0.04229559436082726
114,0.12348310874987233
115,-0.06849472852324091
116,-0.016489507468711927
117,-0.03403499720588511
118,-0.02043001553948574
119,-0.023464958429497338
120,0.1614177976173331
121,-0.0582389526858795
122,0.17236078027686777
123,-0.02036483023220418
124,0.1079037336600071
125,-0.02212521581921772
126,-0.04563120315125672
127,-0.04094871133098147
128,0.020525182671997117
129,-0.0406131143896379
130,-0.011335756859373755
131,0.0417038314627029
132,-0.04925573840791885
133,-0.054690485219669425
134,-0.06234255672763107
135,0.1596056136737986
136,-0.041516312052897436
137,0.007455317083677257
138,-0.04039272416073356
139,-0.025694617129461434
140,-0.0628116057747545
141,-0.02891130738704212
142,-0.01954033564828434
143,-0.039076231477755206
144,-0.015442944772818752
145,-0.019721558068245673
146,0.14226968187154237
147,-0.0431365391594363
148,-0.07811915667051628
149,-0.0596612975738551
150,-0.0551340130201078
151,-0.0017906523624773261
152,-0.04654737648806992
153,-0.05437534977446787
154,0.04689784839812718
155,-0.0406716470188871
156,-0.05984939081969422
157,-0.039819096234140997
158,0.1407853001361847
159,-0.037910671645220655
160,-0.024073299901602778
161,0.00023014952845891543
162,0.020525182671997117
163,0.002767957327906
164,-0.030206590087468
165,-0.0382505875182159
166,-0.053672954446556474
167,-0.07096340510522899
168,0.007455317083677257
169,-0.003908837253210699
170,0.16026871320790617
171,-0.02248181512809686
172,-0.04068603308070973
173,-0.010739740719431207
174,0.0017207319590147906
175,0.09852012735983848
176,-0.04184966860988035
177,-0.045980830719418664
178,-0.03553627893793163
179,-0.04557644478575652
180,-0.03798924055203688
181,-0.02855737527894977
182,0.15980304724825548
183,-0.06866694286433982
184,-0.03139812195875324
185,0.007455317083677257
186,-0.03798924055203688
187,-0.06532363631554856
188,0.11219891453859987
189,-0.02223368348260716
190,-0.03032534669773054
191,-0.07165158614106723
192,-0.02039542068987945
193,0.13680125782766253
194,-0.027428026112439514
195,0.14659126820613466
196,-0.047070755510982526
197,0.11687402193699264
198,-0.04453609789510151
199,-0.050514878959197484
200,-0.02805974178553246
201,-0.00479471010613352
202,-0.04641150978380517
203,-0.03282242159254589
204,-0.000476552523289107
205,0.1422050955942851
206,-0.049057346412987826
207,-0.021369695150656128
208,0.169869848366923
209,-0.0528455307791293
210,-0.06806936215563235
211,-0.042264397252316635
212,-0.05839609868447438
213,0.1460809503407258
214,-0.026651292431444613
215,-0.05308694997740411
216,-0.06470313701876734
217,0.17050256861983223
218,-0.051537953380169435
219,-0.025224172256313966
220,0.14226968187154237
221,-0.030451683343076477
222,0.1647528985574668
223,0.12524377588850574
224,0.03164087880108822
225,-0.00025135954496161554
226,-0.04003274024352273
227,-0.03405077106508798
228,-0.03710108889905726
229,0.007455317083677257
230,-0.02339179478705583
231,-0.000476552523289107
232,-0.03706283151931884
233,-0.05656578763642898
234,-0.05950082690821874
235,-0.06907713679383454
236,0.20115116944437925
237,-0.03798924055203688
238,0.011163962693454137
239,-0.030403203461914895
240,0.1361934499636245
241,-0.05875510746543165
242,-0.05265503201621934
243,-0.02620428931151356
244,-0.0630067720768002
245,-0.056945838871668
246,-0.0469111168954881
247,0.11567038054177228
248,0.13345586600527204
249,-0.03798924055203688
250,-0.05555121302746763
251,-0.018222308470286344
252,-0.0245538948607552
253,-0.04565369763954681
254,0.03826752644512701
255,0.18711635098723375
256,0.02367162544813737
257,-0.04013803188327983
258,-0.03798924055203688
259,0.007455317083677257
260,-0.04461212172355874
261,-0.032055264504472894
262,-0.010059520910887123
263,0.002767957327906
264,-0.060472716435119866
265,-0.011518899574508752
266,-0.0029326236488452406
267,0.009210073321498813
268,-0.059359882989676836
269,-0.0466149689324977
270,-0.008202693485950218
271,-0.02036483023220418
272,0.037998826637655095
273,0.13565855402521435
274,-0.049959544913699784
275,-0.060189751652980475
276,-0.01166226513536348
277,-0.029389416431380558
278,-0.014075223981750923
279,0.005698482032750979
280,-0.05065037024910077
281,-0.028323600767114338
282,-0.02036483023220418
283,0.1594270083481125
284,0.16812084308840064
285,-0.02036483023220418
286,0.1759398039221388
287,-0.09314629244520883
288,-0.03798924055203688
289,-0.03449381366685455
290,0.05126653702898172
291,-0.03798924055203688
292,-0.011863050599420439
293,0.04490365940409277
294,-0.04399024844519976
295,0.007455317083677257
296,-0.06048911386108878
297,-0.005687566548693291
298,-0.03580498473634296
299,-0.06320009863832046
300,-0.02167760051527878
301,-0.015838085470421384
302,-0.05857470213659413
303,0.12957613038723992
304,-0.03798924055203688
305,-0.01308820500771695
306,0.1435796245137661
307,-0.04038614808565192
308,-0.02043001553948574
309,-0.0053550119252149565
310,-0.02537850571950593
311,0.1557380735723685
312,-0.03573331743396609
313,-0.05159870948470714
314,-0.012478406496508655
315,-0.044615325900984104
316,0.16769587912297068
317,-0.011518899574508752
318,-0.03798924055203688
319,-0.011246791742956055
320,-0.03798924055203688
321,-0.030451683343076477
322,-0.01872046714444338
323,-0.00917502818498824
324,-0.027097644413276792
325,-0.011559731296095799
326,0.15531291493651153
327,-0.007966542356507325
328,-0.0684293820149157
329,0.14183756569986067
330,-0.062175359722189405
331,-0.07245771093548735
332,0.15366501544224123
333,-0.012478406496508655
334,-0.03798924055203688
335,-0.042028875025879035
336,0.14535193977238015
337,-0.0339284339131097
338,-0.06015616706847592
339,-0.006798564343682285
340,0.18461400061722777
341,-0.00017545710628263104
342,-0.02855071605483946
343,-0.020549780934773366
344,-0.027212042636365993
345,-0.06974027569807155
346,0.18267872828584905
347,0.008776174358520685
348,0.016675917599192472
349,-0.03460435401645027
350,0.15955563494543518
351,-0.0014818931523822533
352,0.02031456974463662
353,-0.06042951074865991
354,0.1402508330769297
355,-0.056659863718711595
356,0.14369994960004673
357,-0.060291740793905424
358,-0.04058626020167585
359,-0.03118743700862075
360,-0.02891130738704212
361,-0.027815860272902334
362,0.14418315429100229
363,-0.04576061026715569
364,0.04842983158956609
365,0.010727213829671218
366,0.10113206106911693
367,-0.024921744032805775
368,-0.03596049031334409
369,-0.06660548336326846
370,-0.03282144004530088
371,-0.055219030440598886
372,-0.02793129240156542
373,0.011287711275763408
374,0.04842126012240531
375,-0.034330287208797626
376,-0.039445777635634796
377,-0.012478406496508655
378,-0.0221361879032067
379,-0.04415070295222381
380,-0.02855071605483946
381,-0.015750964263266585
382,-0.057569426867853296
383,-0.03798924055203688
384,0.04274590235365478
385,-0.06380658826886794
386,-0.05995513591217781
387,-0.03355382836939096
388,-0.02527047130964459
389,-0.06367070905417972
390,0.05050778621791519
391,-0.016443679278513104
392,0.16281787652634314
393,-0.03157172951386688
394,0.1526758487408254
395,-0.0417270492383321
396,-0.0469111168954881
397,0.15097408690032196
398,0.11490840846146516
399,-0.04292824900403383
400,0.005698482032750979
401,-0.02994329621271057
402,-0.024795757096742
403,-0.019733597691545656
404,0.15052206291377324
405,-0.03747274663077402
406,-0.04928954811991851
407,0.13565855402521435
408,0.18821349434725562
409,-0.019862822155617757
410,-0.019957695302276684
411,-0.030252701670718394
412,-0.030252701670718394
413,0.03881078498295195
414,-0.019569723978429234
415,0.13659111361036544
416,-0.014841360417982315
417,-0.028835576184010205
418,0.01266197061578137
419,0.0054691100167387225
420,-0.059477589094372244
421,-0.05580111006361112
422,0.18683054293211088
423,-0.05675009960229221
424,0.13027088581835325
425,0.17481889379877893
426,-0.033360295915258284
427,0.13962005192096588
428,-0.0503501276311858
429,-0.04980104324517749
430,-0.003758113682833397
431,-0.03567513683076178
432,-0.029548898505904347
433,-0.008114323552375591
434,-0.010191358196841681
435,-0.006569464534421069
436,0.10673024660767497
437,0.12503454654938886
438,-0.051998593228867
439,-0.08056955085652885
440,-0.04229559436082726
441,0.1911536063960104
442,-0.03798924055203688
443,0.04594271621691704
444,-0.032750524984026606
445,-0.022883369516370867
446,-0.03143156840073888
447,-0.005687566548693291
448,0.13920454817634031
449,0.016023922900121952
450,-0.025588410533158003
451,-0.03798924055203688
452,0.18683054293211088
453,0.14899554632054557
454,0.1817555633827559
455,-0.051223506255468565
456,-0.04837348053781472
457,-0.03187736467491643
458,-0.04020345568337215
459,-0.026793790555414698
460,-0.05290618999042737
461,0.12693845515877464
462,0.04946498486569816
463,0.16072622735982814
464,-0.08351380521625512
465,0.037637096484195165
466,-0.02774886183730843
467,0.006571378955616922
468,0.04919881572132642
469,0.15595373523876346
470,-0.05411124021001098
471,0.11739179829260492
472,-0.05626320608248559
473,-0.015838085470421384
474,-0.002105324818242491
475,-0.03957458646079553
476,-0.05837152187413617
477,0.04270641523828333
478,-0.03813401025676994
479,-0.01419044092094854
480,0.006687932688657245
481,-0.041025883704760256
482,-0.04256617896144368
483,0.0500339358902161
484,-0.04874242620406168
485,0.17233529757021712
486,0.008300572685662127
487,-0.022664208198138195
488,0.012424107985278406
489,-0.028136084042263705
490,0.002767957327906
491,-0.03830233656446895
492,0.1259925622073939
493,-0.02855071605483946
494,-0.0371747292161942
495,0.015633622839918128
496,-0.02605795742059338
497,-0.010954398503701139
498,-0.08238299266309658
499,-0.029519382355843105
500,-0.008630403159615031
501,-0.031001473180361033
502,-0.03792076844394625
503,-0.015032896028121337
504,-0.06689995190389353
505,-0.0018377883570324792
506,-0.020374557981067694
507,-0.011702979335809929
508,-0.06988294371272856
509,-0.03798924055203688
510,-0.014710902412271328
511,0.13293365942992222
512,-0.05794340129907193
513,-0.03798924055203688
514,0.13923609634672818
515,0.13920454817634031
516,-0.03301340133321539
517,-0.031526039959955704
518,-0.02811726249528576
519,0.15449270137606846
520,0.0006130969832242059
521,-0.0002876767611831777
522,-0.03486272998061602
523,0.0471029757864125
524,-0.03304634244578325
525,-0.055012286442663316
526,-0.030888968880038652
527,0.15833128155918114
528,0.006560858738949229
529,-0.0723399856832464
530,0.13985192152244316
531,0.11478846463439975
532,-0.05869810789683387
533,-0.021864201437419285
534,-0.05632040897442101
535,0.11994713822610317
536,-0.009417889096416927
537,0.18889965997533814
538,-0.04534875133808786
539,-0.04895881431238276
540,-0.0493336148206049
541,0.14333765254944383
542,-0.06997181842480633
543,0.17323665427044718
544,-0.06300054954627926
545,-0.026649105611075273
546,-0.028661428020432162
547,0.0417038314627029
548,-0.026794737202504183
549,-0.02415357289600232
550,-0.01731814500850142
551,-0.05669806938930747
552,-0.007128425036262899
553,0.018049393859655476
554,0.17273349145920563
555,0.0017207319590147906
556,0.008216996393477782
557,-0.0029326236488452406
558,-0.03226622728229778
559,-0.03392183725075766
560,-0.06158454109174936
561,-0.022974783396360453
562,-0.017813523708070034
563,-0.04698622546130372
564,0.0031123849041110483
565,-0.03798924055203688
566,0.09803786220191019
567,-0.03400532593028016
568,-0.02820931357417692
569,-0.04112262392782342
570,-0.018042372769105704
571,-0.05573808014742595
572,-0.047722156065895804
573,-0.0118655003303332
574,-0.023955744088223766
575,0.19166914816504768
576,-0.052655308550010056
577,-0.028922310785272076
578,-0.02948040252987682
579,-0.012161136295228114
580,0.1425401753539983
581,-0.032201568319650695
582,-0.04576680383603973
583,-0.0216528198720565
584,0.0500339358902161
585,-0.03296963010701675
586,0.1845942253508436
587,-0.041982990761896447
588,-0.06320111619048444
589,0.14616485105380905
590,-0.0043920328325606686
591,0.006828753439500815
592,-0.04114302003468882
593,-0.07356623338253893
594,0.010285402680355955
595,-0.017079995588498653
596,0.15004500342748323
597,0.0012566580418586575
598,-0.06623502388163656
599,-0.030403203461914895
600,-0.011702979335809929
601,0.027669796589248237
602,-0.061593669766200496
603,-0.0592352670762242
604,-0.03656374475233644
605,-0.03422502307700463
606,-0.023999822836589642
607,0.008776174358520685
608,0.14893926617095873
609,-0.0458300088288937
610,-0.04287924149616552
611,-0.02404894141030373
612,-0.019246353829102683
613,-0.019948507188830907
614,-0.022649149413998988
615,-0.004477402932065495
616,-0.04023135216298506
617,-0.03386469602198513
618,-0.05388713942492603
619,-0.04183427495051455
620,-0.08041160678728379
621,-0.044709640375693444
622,0.007646397642577496
623,0.13973916271670567
624,-0.015032896028121337
625,-0.00922698803115734
626,-0.024810057807758957
627,-0.06889221971920453
628,-0.06700470505149288
629,0.1280631360986006
630,-0.017230032838021478
631,-0.004101612973916722
632,-0.04708317576996223
633,-0.04525391610124657
634,-0.053264065350109475
635,-0.030964361521981783
636,-0.06002244719482083
637,-0.07268933335676753
638,0.13462762319440352
639,-0.02074161413175153
640,0.15980304724825548
641,-0.03473047474449571
642,-0.03983542269123341
643,-0.043919413957474826
644,0.16427428394240143
645,-0.035209892161150655
646,-0.0438611327870955
647,-0.00479471010613352
648,-0.048061828375188284
649,-0.01139416171775226
650,-0.044996976834085725
651,-0.014075223981750923
652,-0.026494792350716636
653,-0.0007350776814901181
654,-0.004477402932065495
655,0.03164087880108822
656,-0.03124478470912474
657,-0.034944539492779786
658,-0.012314883599110068
659,-0.029192376092133532
660,-0.045236703117427196
661,0.0500339358902161
662,-0.0695475754647431
663,-0.029389416431380558
664,0.1925947241569978
665,-0.011702979335809929
666,-0.02863942484292795
667,0.0471029757864125
668,-0.06865613765645646
669,-0.052148344658543
670,-0.029325953610618016
671,0.12270004451538744
672,-0.029468865789479555
673,-0.011250247347055549
674,0.011364169667648713
675,0.09293910384187874
676,0.11764485817756161
677,-0.02502222083008838
678,-0.009248677738436828
679,-0.062006400910623434
680,-0.017079995588498653
681,-0.03510764081732497
682,-0.0664721065652079
683,-0.02708210255282597
684,-0.06897013623240118
685,-0.03453631134698946
686,0.14733836081772297
687,-0.025070247934997184
688,0.13221934183212558
689,-0.005515424234537811
690,0.13278826159128912
691,0.04842126012240531
692,0.0018599010988782703
693,0.02995388999903105
694,-0.011819767679155716
695,-0.03590386709708968
696,0.02043931696784244
697,-0.041516312052897436
698,-0.05636753799673666
699,-0.06415023580167065
700,-0.058125223049056624
701,0.14488055727081225
702,-0.05341752658450417
703,0.11756551613305613
704,-0.04262959260124569
705,0.11434411422675779
706,-0.05043770674645058
707,-0.0746298885635121
708,-0.0572515207291618
709,0.0500339358902161
710,-0.03798924055203688
711,0.1337600532506039
712,0.0500339358902161
713,0.15209707716346693
714,-0.025224172256313966
715,-0.05604048737118336
716,0.00023014952845891543
717,-0.01172652201869914
718,0.16416827511022242
719,-0.01988615592581742
720,-0.048614163077131574
721,-0.04265844274354111
722,-0.05338489202790135
723,0.00353137165042916
724,0.16169652105356788
725,-0.036003335164595085
726,-0.05493668112664563
727,0.1179642437703371
728,-0.0339284339131097
729,-0.03601793489636132
730,-0.04526160366450543
731,-0.040740054889051906
732,0.0417038314627029
733,0.1596966746312949
734,-0.05613520290455937
735,0.15463260165390413
736,0.13179302795952286
737,-0.03798924055203688
738,-0.023075214149340235
739,-0.05882562706014301
740,-0.07032957483096174
741,0.16344004739114587
742,-0.047727399659046064
743,0.0017207319590147906
744,-0.061415221146633954
745,0.18194285337027713
746,-0.03034552694387395
747,-0.07310179410496663
748,0.1325921246590728
749,-0.0002876767611831777
750,0.12651538049420302
751,-0.026358369783490692
752,0.008017409579745814
753,-0.08704205781952773
754,-0.03798924055203688
755,-0.05243276290638018
756,0.10913600027182915
757,-0.03411102752169529
758,-0.010856752489911832
759,0.1458596067829719
760,-0.03280522367803863
761,-0.03371339776767621
762,0.1417227555896694
763,-0.04119220703344599
764,-0.051101421712585804
765,0.16108658584449673
766,-0.039813019860460826
767,0.12588546513740728
768,-0.00479471010613352
769,-0.07237758584717564
770,0.005698482032750979
771,-0.03648789788982093
772,-0.0021525487443612083
773,0.18001765730195904
774,0.005340441458510712
775,-0.020709651608795236
776,-0.039005140759273804
777,0.0008911985342143039
778,-0.05679004940300214
779,-0.05138845202519919
780,-0.03547093441277941
781,-0.05660507524230346
782,-0.0716493418509921
783,-0.08755259388664358
784,0.1454135290834651
785,-0.049745305134057255
786,-0.07232297238100743
787,0.046583353412609003
788,0.005175385948660485
789,-0.04265844274354111
790,-0.015838085470421384
791,-0.037192782978261424
792,0.13275016942311182
793,-0.00917502818498824
794,0.1548263767612343
795,0.18871757668661956
796,-0.0557805227646253
797,-0.06166628540924274
798,-0.03950808593528369
799,0.10448127908703894
800,-0.030433761101064438
801,0.04768438016801719
802,-0.012078338650528039
803,-0.0845995381796847
804,-0.03363195567114091
805,-0.06612564837677813
806,-0.033833054342622605
807,-0.012407793536477524
808,0.008216996393477782
809,-0.03666620059951945
810,-0.06831019979949095
811,-0.04015548695200978
812,0.12022071261904758
813,-0.005147707840465467
814,-0.029993115931745487
815,-0.02868865435221889
816,-0.020240273824472077
817,0.14102187521581125
818,0.013429279267998483
819,-0.0469111168954881
820,-0.020126996868392446
821,0.15982076774342038
822,0.0031123849041110483
823,-0.05875510746543165
824,0.1487461280451301
825,-0.04043379144301697
826,0.14226968187154237
827,0.007455317083677257
828,0.0500339358902161
829,0.023375037315063144
830,-0.006180244962062171
831,-0.030515310141569878
832,0.14918367276307445
833,-0.03798924055203688
834,-0.028183735433544254
835,-0.027697196064975064
836,-0.059323543576676484
837,-0.0546158968606352
838,-0.05142021713916393
839,-0.030252701670718394
840,0.16806017695516978
841,-0.028698897881148912
842,-0.009350513364986301
843,0.18807084552162498
844,-0.04735329570642219
845,-0.03727119603973633
846,-0.03798924055203688
847,-0.027164031010469426
848,-0.0705885237702035
849,-0.011841456515062881
850,0.15023573665669873
851,-0.02353694968757534
852,-0.01758027094362481
853,-0.05204180310341033
854,-0.04803027688161676
855,-0.04527080068476378
856,-0.024527669328980668
857,-0.032221029468052116
858,0.15385501286673
859,0.007455317083677257
860,0.04708636062193738
861,-0.03798924055203688
862,-0.03798178284741266
863,0.012197358469281747
864,-0.06893155901636275
865,0.15126994265411395
866,-0.027268962107069125
867,0.005198620819461469
868,-0.0011250607847453598
869,0.04270641523828333
870,0.023954985627282415
871,-0.0756904697977005
872,0.14033784307809746
873,-0.04844455215976374
874,0.014458157957077142
875,-0.024726898729778794
876,-0.038193942264396145
877,-0.05677952690526733
878,-0.03390195049894354
879,-0.03978104406618611
880,-0.06875073130824717
881,0.00105709903583917
882,-0.03727922985280384
883,-0.055096808895315846
884,0.04919881572132642
885,-0.04070445766385828
886,-0.003908837253210699
887,-0.05613907104414098
888,-0.019721558068245673
889,-0.019330983591936843
890,0.0034376694143817004
891,-0.06643533465731409
892,-0.04488202900693743
893,0.003027584655000613
894,-0.0469111168954881
895,-0.03474630721429373
896,-0.033017587165734275
897,0.1516904631660686
898,0.16071729028370751
899,-0.04173940078997671
900,-0.03390619848191152
901,-0.03798924055203688
902,-0.010856752489911832
903,-0.03164375101341067
904,-0.010739740719431207
905,-0.013722670597843255
906,-0.058128616050770354
907,0.0006130969832242059
908,0.04768438016801719
909,-0.01749768955621358
910,-0.03510998932852128
911,-0.0005997626037676441
912,-0.05345769206138121
913,0.18212592327967436
914,-0.032141446707180846
915,-0.030403203461914895
916,-0.03978104406618611
917,0.14056436597678088
918,0.0003748398773358149
919,-0.009701100717493841
920,0.005698482032750979
921,0.00040415101560862783
922,-0.05138845202519919
923,-0.05051599284050781
924,-0.03896128494546457
925,-0.01267824605226811
926,-0.032221029468052116
927,-0.05210818228279071
928,-0.024795757096742
929,-0.005687566548693291
930,0.17063908372446185
931,0.03771543181561034
932,0.02598742251783363
933,0.1475755988231451
934,-0.08170704235615033
935,-0.03671649708086162
936,0.1845942253508436
937,-0.030723076773582037
938,-0.019058728094596276
939,-0.042028875025879035
940,0.18711635098723375
941,-0.04037869786073325
942,-0.05315557674097922
943,-0.005054988466091387
944,-0.04402366976365039
945,0.15663569100323088
946,-0.03798924055203688
947,-0.02154487977573669
948,-0.0377280456858234
949,-0.0505096697955376
950,-0.03248895373360047
951,-0.035294874353887014
952,-0.05304775938940404
953,-0.011841456515062881
954,-0.01988615592581742
955,-0.03105659982499058
956,0.16148796488873163
957,-0.04655744239952965
958,-0.0033855136880343046
959,-0.031079896039734843
960,-0.027428026112439514
961,-0.04943373140016323
962,-0.029080311972425665
963,-0.013851331413110655
964,0.1323921032914519
965,0.137530439631394
966,-0.026740786240063274
967,-0.033425992909499304
968,0.008151429963649693
969,0.006273552091890835
970,-0.0590251998975345
971,-0.013384717369406095
972,-0.048830601010338856
973,-0.01988615592581742
974,-0.013825839489867512
975,-0.03550399904510251
976,-0.03880866336035013
977,-0.05677952690526733
978,-0.0343610483960486
979,-0.023680370992553882
980,0.17839305237855785
981,-0.043720329694508266
982,-0.04560731358737008
983,-0.03811449935852899
984,0.04708636062193738
985,-0.027097644413276792
986,-0.02765655584410273
987,-0.03515218505527655
988,-0.03341646302174883
989,0.04594271621691704
990,0.020525182671997117
991,-0.03325516902265198
992,-0.04649776800828324
993,0.13786128654926327
994,-0.011807538051705377
995,-0.05165199419267655
996,0.16959915891613805
997,-0.05479498226942027
998,-0.013570464944417559
999,0.04086565008097438
1000,-0.03371339776767621
1001,-0.05138845202519919
1002,0.14226968187154237
1003,-0.08642905174424159
1004,0.0018599010988782703
1005,-0.0755894683462719
1006,0.0010943505498154395
1007,-0.021227375583869394
1008,-0.03448024452401292
1009,0.11778269660163639
1010,0.04270641523828333
1011,-0.06811008135616738
1012,-0.06668565234732012
1013,-0.055515372083631206
1014,-0.03111015124524958
1015,-0.020044900981383937
1016,-0.057955751116056616
1017,-0.042881392390223226
1018,-0.046209581130964975
1019,-0.0679689412447426
1020,0.12187080751654532
1021,-0.02391569303524074
1022,-0.05952510210926587
1023,-0.03004754823973986
1024,0.10877194092697218
1025,-0.059074689607147415
1026,-0.03798924055203688
1027,-0.03980981051175645
1028,-0.022883369516370867
1029,-0.036162260824211284
1030,0.14456052442930928
1031,-0.03601793489636132
1032,-0.05648202120642416
1033,-0.07765010762339283
1034,0.008016142164512095
1035,-0.053447119629441465
1036,-0.03874437823287058
1037,-0.00922698803115734
1038,-0.011819767679155716
1039,-0.012502180092124426
1040,-0.03012205541711744
1041,-0.0685478336846243
1042,-0.061276674086996115
1043,0.019842116565868987
1044,-0.049790638648098975
1045,0.1433677615406522
1046,-0.009513531223732235
1047,-0.03798924055203688
1048,-0.03531878950474541
1049,-0.031637447752388005
1050,-0.04712432197136391
1051,-0.04743995380311687
1052,-0.04194897942698017
1053,-0.019662184429720262
1054,-0.03931187990538126
1055,0.17010957504325028
1056,0.1446459111271437
1057,0.16156812278379815
1058,-0.026794737202504183
1059,-0.050292801465895536
1060,-0.02605795742059338
1061,-0.04049178483903054
1062,-0.06597430098181072
1063,0.1404254334100585
1064,0.12948420620913467
1065,-0.029325953610618016
1066,-0.03538920395052666
1067,-0.06251875121735159
1068,0.15765571029858283
1069,-0.05332486051357872
1070,-0.050232140517304416
1071,-0.033888624961794796
1072,-0.03718425389720882
1073,0.14226968187154237
1074,-0.011335756859373755
1075,-0.06849472852324091
1076,0.11310625068178616
1077,0.15004500342748323
1078,0.04842983158956609
1079,-0.04258096773983962
1080,-0.03683924165541195
1081,-0.021235661391074283
1082,-0.05681051408612201
1083,-0.01129269412193523
1084,-0.020549780934773366
1085,-0.05573239849867596
1086,0.12144228542694421
1087,-0.02947429203984483
1088,-0.06831760404269992
1089,-0.05294584980935749
1090,0.0017651114563707756
1091,0.00523112229074046
1092,-0.050717124008552536
1093,-0.042153821172847196
1094,-0.030433761101064438
1095,-0.022843328177155592
1096,-0.07480110303416848
1097,0.10723583220665629
1098,-0.054616644225958445
1099,-0.06358303273856776
1100,-0.028016174884102543
1101,0.15210786802700346
1102,-0.03390619848191152
1103,-0.0008864210341558726
1104,-0.06279518976140004
1105,-0.08682299310212171
1106,-0.012107490492330304
1107,-0.039323867286825985
1108,-0.0840186063391502
1109,-0.035490606350478966
1110,-0.04710824985778066
1111,-0.036505518889017485
1112,-0.01905502718274827
1113,-0.040499786700444594
1114,-0.07071239296340207
1115,-0.03798924055203688
1116,-0.022467407567733508
1117,-0.05357540819575536
1118,-0.08322301367535002
1119,0.12400395704467035
1120,-0.00933965029596111
1121,-0.037891221477492694
1122,0.004949981823782092
1123,-0.02990307057280382
1124,-0.05989601340673291
1125,-0.07746610923664306
1126,-0.027271692278575652
1127,-0.04708317576996223
1128,-0.054833064872245596
1129,0.1925947241569978
1130,-0.02868865435221889
1131,-0.03195120779922264
1132,-0.03798924055203688
1133,-0.05991776771260112
1134,-0.05160704804699459
1135,-0.030568847712406918
1136,0.13680125782766253
1137,0.14662555453215048
1138,-0.020850074288519916
1139,-0.03798924055203688
1140,0.004693621718546721
1141,-0.0021525487443612083
1142,-0.04012620721993897
1143,-0.0011584072181992765
1144,-0.06064504303711912
1145,-0.05259981497414315
1146,-0.08679972558787252
1147,0.004298867531981034
1148,0.13414010831090423
1149,0.12433156279896004
1150,0.11366475206062975
1151,-0.045586482987157596
1152,-0.02830836625940947
1153,-0.053577356941326836
1154,-0.04259162702937417
1155,0.023954985627282415
1156,-0.035657984229214214
1157,-0.023680370992553882
1158,-0.024978748303244407
1159,-0.03498643504731399
1160,-0.04628641028275437
1161,0.004152334479477581
1162,-0.0617764144771994
1163,0.00040415101560862783
1164,-0.03280522367803863
1165,0.004819514096001087
1166,-0.0043920328325606686
1167,-0.034698183898508386
1168,-0.06550853156955148
1169,0.15495935883094453
1170,-0.07774560958904711
1171,0.16869939408927895
1172,0.13771965982090043
1173,-0.0016947682745549334
1174,-0.07317875576219621
1175,-0.06612370351871595
1176,0.0001368504162681515
1177,-0.036959104509393104
1178,0.04490365940409277
1179,0.00780287901219624
1180,-0.027949509628901987
1181,-0.0563649880559093
1182,-0.026365779630343773
1183,0.1239975628381665
1184,0.007095208458370629
1185,0.1570644746896182
1186,-0.0367358578803291
1187,0.04270641523828333
1188,-0.0011250607847453598
1189,-0.052796900796474935
1190,-0.04823388247511288
1191,-0.04816342074123095
1192,-0.03778406817097007
1193,-0.053812603738817896
1194,-0.023680370992553882
1195,0.019842116565868987
1196,-0.06273562622768297
1197,-0.026005084852911118
1198,-0.05944413857970384
1199,0.017057988795846652
1200,-0.012078338650528039
1201,-0.03408383045270666
1202,0.1950721600010018
1203,0.13246748754802556
1204,0.14226968187154237
1205,-0.012745979967488023
1206,-0.0469111168954881
1207,-0.032221029468052116
1208,-0.03798924055203688
1209,-0.05294360315346779
1210,-0.03798924055203688
1211,-0.07906999487943572
1212,-0.022631596483010413
1213,0.0015273212954055174
1214,-0.021198770665796146
1215,0.00040415101560862783
1216,-0.01361209200613203
1217,0.14744358297177015
1218,-0.0443719793807461
1219,-0.034056475903850934
1220,-0.005481497819161347
1221,0.13013467732104614
1222,-0.04558539068506741
1223,-0.026794737202504183
1224,0.0021156406294319144
1225,0.1349527202621601
1226,-0.03341378286119123
1227,-0.0313667174990133
1228,-0.06574934046523735
1229,-0.035884357374225136
1230,-0.04884078557846699
1231,0.12063604702850175
1232,-0.0469111168954881
1233,-0.0033855136880343046
1234,0.0025464785249065124
1235,-0.06111254828949238
1236,0.17063908372446185
1237,-0.057032698713769515
1238,0.002049390370614359
1239,-0.06025727651493872
1240,0.0500339358902161
1241,0.14867777751853156
1242,-0.03601793489636132
1243,-0.08172914830567066
1244,-0.07928218882433226
1245,-0.043615401541965464
1246,-0.03423882825344809
1247,0.11360238591085885
1248,-0.013943959554121213
1249,-0.006398198084380621
1250,-0.006894954263264683
1251,-0.04012620721993897
1252,0.18821349434725562
1253,0.1725267949559207
1254,-0.026324652505908094
1255,-0.05153240399521394
1256,-0.03877279254007716
1257,-0.028641119455076466
1258,-0.056897668536724164
1259,-0.026494792350716636
1260,-0.032055264504472894
1261,-0.055017026060338925
1262,0.15385501286673
1263,-0.042023690859347554
1264,0.016559382530419085
1265,-0.04298600515271761
1266,0.012424107985278406
1267,-0.034059706857046075
1268,-0.04248444239458624
1269,-0.057266133088307074
1270,-0.04913593030684531
1271,-0.039829818691952366
1272,-0.03798924055203688
1273,-0.06199583615346126
1274,-0.018307363287440755
1275,0.0021156406294319144
1276,-0.0538144431713927
1277,-0.030515310141569878
1278,-0.014029016977916767
1279,-0.02755538187360148
1280,-0.019210783587020327
1281,0.015004647501983407
1282,-0.05414812705014439
1283,-0.030252701670718394
1284,-0.0456215583872706
1285,-0.013446395695108193
1286,0.13782573206354
1287,-0.03318791983847878
1288,0.13546719640272406
1289,0.03740885456134016
1290,-0.03629918566569159
1291,-0.04194897942698017
1292,-0.054968437501241314
1293,-0.0469111168954881
1294,-0.027812679121646283
1295,-0.06368404392418528
1296,0.12081840041568348
1297,0.14369121487926093
1298,-0.039819096234140997
1299,-0.02353694968757534
1300,0.1276620308768275
1301,-0.024854439168880513
1302,-0.021868260108882796
1303,-0.047674672536656304
1304,-0.04304163411974557
1305,0.04639214874243806
1306,0.127044613810698
1307,-0.016199900534236904
1308,-0.03978104406618611
1309,-0.03309314925193795
1310,-0.016896950825482444
1311,-0.06444819499851992
1312,-0.01846478479460842
1313,0.14588422399185524
1314,-0.015845623428465388
1315,-0.05539680733290101
1316,0.1267796597192861
1317,-0.024178161310112453
1318,-0.03876045287629187
1319,-0.04664445564249927
1320,-0.048307747554596284
1321,0.03826752644512701
1322,-0.035525255098606524
1323,0.02383469723186512
1324,-0.0641436223229245
1325,0.169869848366923
1326,-0.07516355023543024
1327,-0.020374557981067694
1328,-0.05382213266774561
1329,-0.059114614665580364
1330,-0.0655485818990431
1331,-0.04739829418271373
1332,-0.0503442336874651
1333,-0.0031595688920881605
1334,-0.008182130480232358
1335,-0.05351512021889972
1336,-0.015623662754348098
1337,-0.008725104387554743
1338,-0.045227474206200324
1339,-0.06902988474513713
1340,-0.024747805925641832
1341,-0.0457780845194298
1342,-0.044754848291259496
1343,0.1496150450497575
1344,0.04842983158956609
1345,-0.060202392629522886
1346,-0.08090453609630453
1347,-0.03798924055203688
1348,-0.04933152893249304
1349,-0.03017171840674924
1350,-0.05787718832947944
1351,-0.08415302640280234
1352,-0.04874242620406168
1353,-0.04201139626505923
1354,-0.020374557981067694
1355,-0.025029080494952814
1356,-0.07866514807046966
1357,-0.05109355189302417
1358,-0.027551426212844468
1359,0.11527312463235487
1360,-0.06441659379729113
1361,-0.01139416171775226
1362,-0.05351512021889972
1363,-0.026759097794802393
1364,0.17573890761482364
1365,-0.02901226803169196
1366,0.18821349434725562
1367,-0.03460435401645027
1368,-0.05078019901884837
1369,-0.060448652926366614
1370,-0.013027379191849271
1371,-0.026853662784901974
1372,-0.034698183898508386
1373,-0.019409757874046373
1374,0.011288027949847911
1375,-0.05729952603888985
1376,-0.07287613037571378
1377,0.027987972001556876
1378,-0.053438684320112236
1379,-0.09878694812660607
1380,-0.057804377285873614
1381,0.12226211061863067
1382,-0.0370486699877795
1383,-0.05666615756776049
1384,-0.04466126912672213
1385,-0.03658992671170886
1386,-0.04744623768168123
1387,-0.060473187361217005
1388,-0.030349890924349105
1389,-0.011250247347055549
1390,0.04594271621691704
1391,0.02995388999903105
1392,-0.04191209370072189
1393,-0.03792022898913021
1394,-0.0406716470188871
1395,-0.03798924055203688
1396,0.15974140206678386
1397,-0.021893265046563665
1398,-0.04194099732241552
1399,0.13950958526845353
1400,0.15441699788363
1401,-0.035314980752405675
1402,-0.02606746659397746
1403,-0.025716981037461686
1404,-0.003908837253210699
1405,-0.019741213076332653
1406,-0.014075223981750923
1407,-0.034455171444379845
1408,-0.019330983591936843
1409,0.042383951392670795
1410,0.0498899663879869
1411,0.043462315310245754
1412,-0.03798924055203688
1413,-0.004880682596770926
1414,-0.06591360727293978
1415,0.1613559207369247
1416,-0.03868619924017763
1417,-0.011807538051705377
1418,-0.033425992909499304
1419,-0.003177299255288127
1420,-0.021434891820297775
1421,-0.02654763185142013
1422,-0.03798924055203688
1423,-0.06411434385842923
1424,-0.03798924055203688
1425,0.007455317083677257
1426,0.0498899663879869
1427,-0.0002876767611831777
1428,-0.030952499315719022
1429,0.11679727002980872
1430,-0.01988615592581742
1431,-0.017079995588498653
1432,0.11589406176642665
1433,-0.03694301507329915
1434,-0.06045279376190375
1435,0.16379358203676433
1436,0.14691306936512616
1437,-0.017462114510730625
1438,-0.03453631134698946
1439,0.0388320118146006
1440,-0.02868865435221889
1441,-0.041147085986763185
1442,-0.00467105339280447
1443,0.10364312063342264
1444,0.1478419915299967
1445,-0.05456210657338158
1446,-0.0693955077299483
1447,0.17886913667004667
1448,-0.043135689101038634
1449,-0.011425966957089131
1450,-0.019869882718563443
1451,-0.016058243528332777
1452,-0.07140438603195437
1453,-0.04973599450948229
1454,-0.03798924055203688
1455,-0.04237532707719268
1456,-0.014135274714740846
1457,-0.04051860951133843
1458,0.0006130969832242059
1459,-0.03210210020632234
1460,-0.024433030730688615
1461,-0.06287759056329345
1462,-0.062201139257610255
1463,0.11010816643288412
1464,-0.04962888217698736
1465,-0.0605717338364365
1466,-0.07242223930716046
1467,-0.03798924055203688
1468,-0.0628116057747545
1469,-0.029982598713023993
1470,0.12300833030918198
1471,-0.08210686641035128
1472,-0.033505735670065165
1473,0.01248074909270647
1474,-0.0389555232985406
1475,-0.056725453983083804
1476,-0.03203738435333014
1477,-0.03723308492241278
1478,-0.061907997557929514
1479,-0.01831236520142894
1480,-0.029148165521262856
1481,0.101999826017509
1482,-0.014784961299054508
1483,-0.06399843244110633
1484,-0.0242393071828607
1485,-0.022001919917467454
1486,0.16399718408580682
1487,-0.012148965635992121
1488,-0.05881869648771119
1489,0.1693568348904989
1490,-0.03628428390828966
1491,-0.035927481188051835
1492,-0.04888714876646064
1493,-0.031468688360210474
1494,0.18461400061722777
1495,-0.07009847405763123
1496,-0.013088083890076322
1497,-0.05198513724207198
1498,0.18806053091817881
1499,-0.058708073131122696
1500,0.1297937343808008
1501,-0.03300167425612132
1502,-0.049339170403871986
1503,-0.03105659982499058
1504,-0.02720263029080659
1505,0.04946498486569816
1506,-0.011559731296095799
1507,-0.058522192812761144
1508,-0.022649149413998988
1509,-0.010359066985361787
1510,0.13604218832878423
1511,0.13459070600004044
1512,-0.03686114699183065
1513,-0.04926111817121025
1514,0.16656444402656834
1515,-0.052863567301665075
1516,-0.052403511918353046
1517,0.16071729028370751
1518,-0.054800806107295895
1519,-0.030403203461914895
1520,-0.02978119713629413
1521,-0.02117762453345258
1522,-0.05110856971925969
1523,-0.05013608582791534
1524,-0.049183196486950145
1525,-0.04404347858282581
1526,-0.02855071605483946
1527,0.007455317083677257
1528,-0.0018387377767841336
1529,0.16315088828785326
1530,-0.05316206049022824
1531,-0.0659323349979086
1532,0.14678587699177267
1533,-0.052568745448870545
1534,-0.02655343891844576
1535,-0.05493080143374449
1536,-0.022339250112178594
1537,0.14695100374799636
1538,-0.055215411093945115
1539,-0.014272799496455236
1540,-0.026353165355498927
1541,-0.0007219347590101094
1542,-0.036505518889017485
1543,-0.062222874913532074
1544,-0.052289822177840985
1545,-0.06501310868756145
1546,0.13366772461586104
1547,-0.054814570836229114
1548,-0.02197573172365714
1549,-0.016455835399308616
1550,0.005460080773478771
1551,-0.051253566914427645
1552,-0.028655999877752057
1553,-0.03727922985280384
1554,0.16372427792400523
1555,-0.048046278982944994
1556,-0.029778508169664573
1557,-0.026539110382584264
1558,0.13002442074843124
1559,-0.04621820302612581
1560,-0.08250542147338444
1561,-0.026028098621336326
1562,0.14361477282564528
1563,0.1570644746896182
1564,0.14226968187154237
1565,0.10560437717150495
1566,0.0017651114563707756
1567,-0.014397808133663119
1568,-0.0395270405878336
1569,-0.0469111168954881
1570,0.00804027185472347
1571,-0.0756904697977005
1572,-0.04755366989506784
1573,0.04004610139431622
1574,0.19091084500812797
1575,0.15390736766173319
1576,-0.006955759554154359
1577,-0.00346930366879309
1578,-0.05759091270826658
1579,-0.006358441089839573
1580,0.026462238585830196
1581,-0.042390715220106935
1582,-0.02836214909996302
1583,-0.03812905311927332
1584,0.03339313815858334
1585,-0.007441001851864356
1586,0.007455317083677257
1587,-0.0313496362974788
1588,-0.05415164993417322
1589,0.15993224887250732
1590,-0.03139812195875324
1591,0.1564639856439081
1592,0.1301681431789727
1593,-0.03286820524829291
1594,0.0022070815217205965
1595,0.1925947241569978
1596,-0.03147281368223507
1597,-0.012478406496508655
1598,0.0005092144260094474
1599,0.008007460461420493
1600,0.02995388999903105
1601,-0.010649259824180171
1602,0.09915534064652012
1603,-0.040420931511987564
1604,-0.036429917007096
1605,-0.04034889952669062
1606,-0.04473958136093529
1607,-0.020197034670527
1608,-0.020958101809884364
1609,0.020739558937463428
1610,-0.02755837692169555
1611,0.16827092343521388
1612,0.01487481574123018
1613,0.023375037315063144
1614,0.13147746446295155
1615,-0.026444334895360213
1616,-0.06483447584506775
1617,-0.03371339776767621
1618,-0.01685327247757664
1619,-0.048640045096938124
1620,-0.04480877113601783
1621,-0.0469111168954881
1622,0.007455317083677257
1623,-0.029389416431380558
1624,0.1591421974016933
1625,-0.004345093975462161
1626,0.021164490368694916
1627,-0.01166226513536348
1628,-0.02247726635189273
1629,-0.02910207457376457
1630,-0.042438589433877294
1631,-0.03876798685899845
1632,-0.0542955597517928
1633,0.020152801821169807
1634,-0.05725886125525754
1635,0.15247709950079616
1636,-0.05998468959848604
1637,0.13046322940339364
1638,-0.011518899574508752
1639,-0.0024458692823286477
1640,-0.03819490386931014
1641,-0.03487610656308737
1642,-0.0457419821782612
1643,-0.03666620059951945
1644,-0.0517910378168611
1645,-0.055062759860181366
1646,-0.023999822836589642
1647,0.008859853196349313
1648,-0.04680089484162933
1649,0.1911536063960104
1650,-0.04038614808565192
1651,0.00023014952845891543
1652,-0.021134995370671567
1653,-0.03061218690609324
1654,0.1342201038267528
1655,-0.0646289365829362
1656,-0.03580703750762719
1657,-0.049185976216458975
1658,-0.015311660378982128
1659,-0.03437731490155126
1660,0.13020890832795678
1661,-0.01941174618352886
1662,0.002570742966880466
1663,-0.04601654655502982
1664,0.0388320118146006
1665,-0.022929858362240003
1666,0.023153869576848722
1667,-0.026680344730125077
1668,-0.030987906144018876
1669,0.14073598396160697
1670,-0.02043001553948574
1671,-0.07964879702617898
1672,0.12430696864301347
1673,-0.03488069981288581
1674,0.0003748398773358149
1675,-0.026794737202504183
1676,-0.03571511649364395
1677,-0.03187736467491643
1678,0.14480487852193843
1679,-0.04759199874691566
1680,-0.05661828053529188
1681,0.016058521012916084
1682,-0.04004000924955716
1683,-0.03548289263516044
1684,0.15983256936829365
1685,-0.03486272998061602
1686,-0.03515218505527655
1687,0.11013899034841645
1688,-0.021950989167681102
1689,0.007455317083677257
1690,-0.048523997368095595
1691,-0.011807538051705377
1692,-0.03173742396720919
1693,-0.03554541146598659
1694,-0.03830233656446895
1695,0.15687921008205682
1696,-0.052624990813573976
1697,-0.05958406149297162
1698,-0.03248895373360047
1699,-0.06198016638516319
1700,-0.036505518889017485
1701,-0.06011495234781199
1702,0.17599375022134905
1703,0.2025682985398202
1704,0.17255421571955107
1705,0.03620949115086432
1706,-0.057444567347396815
1707,-0.05343803300389857
1708,-0.030451683343076477
1709,-0.04709723408860535
1710,-0.022467407567733508
1711,-0.03661192794142003
1712,0.1582449067032592
1713,-0.03139812195875324
1714,-0.00467105339280447
1715,-0.07150079297346568
1716,-0.03349718051020395
1717,-0.03134052934033915
1718,0.007455317083677257
1719,0.13315461669537287
1720,-0.020387690970128575
1721,-0.014902046673425453
1722,-0.057630518568593476
1723,-0.027635642922125652
1724,-0.03244199045475057
1725,-0.021868260108882796
1726,0.04842983158956609
1727,-0.020387690970128575
1728,-0.025299365908058064
1729,-0.011425966957089131
1730,-0.027972436691675807
1731,-0.012534600440694718
1732,-0.03798924055203688
1733,-0.01953714672050845
1734,0.012330321017184771
1735,-0.030387420873566183
1736,-0.018384728182724547
1737,-0.02411732672806532
1738,0.14354760529857843
1739,0.13085390480311812
1740,-0.01873012013264772
1741,0.12472110678366795
1742,0.1637038965489343
1743,0.0266018452610108
1744,0.0031123849041110483
1745,-0.06917013553432373
1746,0.04197725582990119
1747,-0.04243524352388185
1748,-0.04235687795383252
1749,-0.03417426515899765
1750,0.007455317083677257
1751,-0.06551112995955397
1752,-0.011807538051705377
1753,-0.02266942762777708
1754,-0.024897694485688734
1755,-0.03896128494546457
1756,0.04004610139431622
1757,-0.05256224310421901
1758,-0.0469111168954881
1759,-0.015845623428465388
1760,-0.03280522367803863
1761,-0.03798924055203688
1762,-0.026324652505908094
1763,-0.03070332614492589
1764,-0.026324652505908094
1765,-0.039998125975790055
1766,0.14832337687933328
1767,-0.02556010445328033
1768,-0.018468813877561253
1769,-0.06878053642967934
1770,-0.040740054889051906
1771,-0.0384030300778242
1772,-0.015429901827261987
1773,-0.029630923484367862
1774,-0.02820931357417692
1775,-0.03798924055203688
1776,0.02110782027177788
1777,-0.047135774083397905
1778,-0.015757608132485806
1779,-0.039565646632350605
1780,0.0017266847898135514
1781,-0.06199583615346126
1782,-0.058321959194933694
1783,0.04004610139431622
1784,-0.04668564802740155
1785,-0.05639716172028762
1786,-0.029303332084290055
1787,-0.018022815889273583
1788,-0.006358441089839573
1789,-0.043135689101038634
1790,0.007455317083677257
1791,-0.03419036552212276
1792,-0.051223506255468565
1793,-0.032938808825590825
1794,-0.03487610656308737
1795,-0.03270701218189294
1796,-0.013722670597843255
1797,-0.045385079359284326
1798,-0.055868731477556464
1799,-0.06083769030309374
1800,0.1543917432067114
1801,-0.055879862140720195
1802,-0.05458697542158547
1803,-0.018965634956174534
1804,-0.04186011180057907
1805,-0.016143687319093138
1806,0.1724708979692994
1807,0.14728714203572874
1808,-0.025716981037461686
1809,-0.03798924055203688
1810,-0.06522007885148054
1811,-0.05043542907814217
1812,-0.03980981051175645
1813,0.005198620819461469
1814,-0.0031115548229495556
1815,0.007455317083677257
1816,0.0031123849041110483
1817,0.11510637193244977
1818,-0.004477402932065495
1819,-0.03304634244578325
1820,-0.034610856578951674
1821,-0.03460435401645027
1822,-0.04989814396466082
1823,-0.03798924055203688
1824,-0.03911426790826926
1825,0.002589366275744586
1826,-0.032055264504472894
1827,-0.00796494786042782
1828,-0.0659238222551999
1829,-0.00514295464891298
1830,-0.0377280456858234
1831,-0.03248895373360047
1832,0.14017744310999194
1833,-0.019290644553339474
1834,-0.03819490386931014
1835,-0.033345033313973586
1836,-0.04876295091216356
1837,-0.02868865435221889
1838,-0.027907483260230105
1839,-0.023687338931875662
1840,-0.053811604042472025
1841,-0.018307363287440755
1842,-0.019592933244098942
1843,-0.06896533799471852
1844,-0.06973966525698923
1845,-0.052984494211764564
1846,-0.036064314491582046
1847,-0.018785871289580057
1848,-0.0524612951403888
1849,0.12840848450878622
1850,0.14226968187154237
1851,0.12871166682447707
1852,-0.04452899031022996
1853,-0.03798924055203688
1854,0.17233529757021712
1855,-0.0633422616072461
1856,-0.06299490133874236
1857,0.16937787346297792
1858,0.14210678857455922
1859,-0.024708517781537268
1860,0.17144117533487602
1861,0.13151565394864706
1862,-0.02271529811600464
1863,0.16616293067072427
1864,-0.019815064084437672
1865,-0.04034223243734505
1866,-0.03858701284435735
1867,-0.05449472481112422
1868,0.005572068233848337
1869,0.14056436597678088
1870,-0.01099807262713131
1871,0.13286965184847851
1872,-0.03573530007369718
1873,-0.02851803533834921
1874,-0.04100969949141543
1875,-0.00044699474449894886
1876,-0.05714540926095672
1877,-0.02443755934165228
1878,-0.05316247947503568
1879,0.13627599085266057
1880,-0.010036645701891904
1881,-0.00288691138358087
1882,-0.04164844381243983
1883,-0.03573331743396609
1884,-0.0002876767611831777
1885,-0.029548898505904347
1886,-0.03993492418804676
1887,0.17934805373845775
1888,-0.0469111168954881
1889,-0.051008419919447816
1890,-0.03265936566552191
1891,-0.0024475842768141467
1892,-0.007441001851864356
1893,0.129952292834231
1894,0.0017651114563707756
1895,0.1654943979981354
1896,0.13900778007953354
1897,-0.058045312826524136
1898,0.13791944281347612
1899,0.171657555812716
1900,0.004298867531981034
1901,-0.01752593966157352
1902,-0.028183735433544254
1903,-0.04356206372439244
1904,-0.0005997626037676441
1905,-0.05713271703400449
1906,-0.0067222828548257054
1907,-0.022883369516370867
1908,-0.016865069000316542
1909,-0.038305817835851054
1910,-0.04823388065776245
1911,-0.03187736467491643
1912,0.006888415510050142
1913,-0.018307363287440755
1914,0.14596858981271535
1915,-0.06399144134397183
1916,-0.020334072145165513
1917,-0.04720948571702249
1918,-0.03149640150098591
1919,-0.028668917958449173
1920,0.007260927595289843
1921,-0.029778352520567677
1922,-0.02571124060635337
1923,0.007455317083677257
1924,0.14421984197564638
1925,0.14123219905122295
1926,0.0500339358902161
1927,-0.0453885698623364
1928,-0.0211663206811539
1929,-0.02706967450443595
1930,-0.05338450364714236
1931,-0.007464058481513987
1932,0.037998826637655095
1933,-0.05316477203940325
1934,-0.06862921015796627
1935,-0.034021057575305665
1936,-0.011057348481019205
1937,-0.0339284339131097
1938,-0.03666620059951945
1939,-0.05635876917048674
1940,-0.04019856991112823
1941,-0.028689051337366284
1942,0.1396458806237476
1943,0.15242554599109523
1944,-0.03648997141894186
1945,-0.03004754823973986
1946,-0.05535532684928748
1947,-0.05569356160931715
1948,0.01224447606465853
1949,-0.015149717353158858
1950,-0.060942139322870216
1951,0.04410568568029255
1952,-0.028983541735187038
1953,-0.027600752605324505
1954,-0.047915102562460885
1955,0.13110257327245728
1956,-0.03720431382355979
1957,-0.01868929844647152
1958,-0.041637777800543514
1959,0.17566615832776244
1960,0.16482080568681962
1961,-0.015523296140421028
1962,0.19596990481760818
1963,-0.045556525309642534
1964,-0.0595542713838619
1965,0.04708636062193738
1966,0.007455317083677257
1967,-0.06046016100344931
1968,-0.048485216812098345
1969,-0.028595256076646845
1970,-0.04286022163329851
1971,-0.024867914771000806
1972,-0.07191664970605091
1973,-0.02919800804206944
1974,-0.03032542179577102
1975,-0.055410069177284055
1976,0.043990256941136056
1977,-0.05221769026271582
1978,-0.062372291891535724
1979,0.1421022783758046
1980,0.19166914816504768
1981,-0.06656730772347161
1982,-0.041554063775670814
1983,0.0012566580418586575
1984,-0.019618528124224967
1985,-0.035642615298501795
1986,0.007455317083677257
1987,-0.03323712761978195
1988,-0.0515550143717493
1989,0.04410568568029255
1990,-0.046957053450748264
1991,-0.027086014524568953
1992,-0.041952547690129814
1993,0.13811849553568487
1994,0.1604365442652681
1995,0.003823831837002683
1996,-0.06049344986602349
1997,-0.03798924055203688
1998,0.023988931157189468
1999,-0.05407411114733062
2000,-0.03798924055203688
2001,-0.04850385194624651
2002,-0.0033855136880343046
2003,0.1968710692365171
2004,0.15827388633090708
2005,0.0017651114563707756
2006,-0.016865069000316542
2007,-4.6741473812127396e-05
2008,-0.03514499026414524
2009,-0.05065313177087107
2010,-0.0684783545707239
2011,0.17318802532222127
2012,-0.03573530007369718
2013,-0.07806117916771566
2014,0.13889890588321765
2015,-0.05715504618172219
2016,0.1367014110441822
2017,0.16418206525279364
2018,0.008216996393477782
2019,-0.03988107658546204
2020,-0.0420082792670578
2021,-0.02036483023220418
2022,-0.06049344986602349
2023,0.13011067626958797
2024,-0.04820109362538156
2025,0.0500339358902161
2026,0.1363723700698845
2027,0.015174767877604843
2028,-0.03248895373360047
2029,-0.03338156903886951
2030,0.0033643053279778356
2031,0.005198620819461469
2032,-0.004477402932065495
2033,0.012424107985278406
2034,0.04086565008097438
2035,-0.028416611129582953
2036,0.15094125302152422
2037,-0.01330087566000285
2038,-0.026324652505908094
2039,0.04490365940409277
2040,0.012350798953570741
2041,0.12051338123765974
2042,-0.019348401967741957
2043,-0.03666620059951945
2044,-0.018246486213341614
2045,-0.04125179341528333
2046,-0.04193805710231955
2047,0.04490365940409277
2048,0.018675077762747305
2049,-0.012584007988497863
2050,0.016202490515145284
2051,-0.02650551150722263
2052,0.022824779010548777
2053,0.011552343039557123
2054,0.007165760072599849
2055,-0.03969965538178244
2056,-0.02621331766197161
2057,-0.0411091113680248
2058,-0.016220975835693208
2059,-0.05178991450841436
2060,-0.033850366495652984
2061,-0.0544899046505287
2062,-0.006666065796096832
2063,0.04086565008097438
2064,-0.019185569282298608
2065,-0.03573331743396609
2066,-0.05925907600014891
2067,-0.051224076474421724
2068,-0.018222308470286344
2069,-0.06834651343486721
2070,-0.07799351881738889
2071,-0.04495137884906393
2072,0.04004610139431622
2073,-0.02706967450443595
2074,-0.0358910863201263
2075,-0.03400532593028016
2076,-0.023004348641209517
2077,0.004103887568018674
2078,-0.024742726876632922
2079,-0.04291072456669272
2080,-0.027607318743739142
2081,-0.059208462892517744
2082,-0.038065437705289105
2083,-0.048001431922222816
2084,-0.03742846887028746
2085,-0.033994369385508316
2086,0.15023573665669873
2087,-0.005687566548693291
2088,0.1433251596820038
2089,0.17352882089477048
2090,-0.0003189868735344408
2091,-0.03798924055203688
2092,0.13873638823255968
2093,-0.06572777274109746
2094,0.1440029837665444
2095,-0.024946579945436607
2096,-0.06224702562535821
2097,-0.0773088801257342
2098,-0.023004348641209517
2099,-0.0216707100967581
2100,0.04490365940409277
2101,0.008216996393477782
2102,0.008444542187891323
2103,0.12809284620065522
2104,-0.04101002464644885
2105,-0.03706014750195505
2106,-0.0267822221642051
2107,-0.01166226513536348
2108,-0.030964361521981783
2109,0.003823831837002683
2110,-0.04858454410036863
2111,-0.011425966957089131
2112,-0.027615932457494215
2113,-0.010331170361818413
2114,0.12615681710376367
2115,-0.011702979335809929
2116,-0.024918405052186114
2117,-0.03400532593028016
2118,-0.02235270364466809
2119,-0.04194897942698017
2120,-0.03921416923779089
2121,0.011548501493901422
2122,-0.05509161445478377
2123,-0.008965424016578403
2124,0.0021156406294319144
2125,-0.040409875145689
2126,-0.03798924055203688
2127,-0.047698282435032546
2128,-0.028844937370539482
2129,-0.03781452636092685
2130,0.01487481574123018
2131,-0.031564098917651544
2132,0.11395821406537603
2133,0.16361836562803803
2134,-0.05290957893157928
2135,-0.03742600518296103
2136,0.02774190436454405
2137,-0.02874366644075276
2138,0.12560875433780744
2139,0.11975327537094975
2140,-0.07216199847791077
2141,-0.06131022713582708
2142,-0.03453631134698946
2143,-0.051660184581186416
2144,-0.06571980322226456
2145,0.007455317083677257
2146,-0.033979250633313786
2147,-0.0043920328325606686
2148,-0.04355214825269706
2149,-0.031378834910896145
2150,-0.02277556598523962
2151,0.0498899663879869
2152,-0.03937229882570405
2153,-0.022295139932914133
2154,-0.06745107639346327
2155,-0.06077706355916701
2156,0.1579760369560316
2157,-0.04031299327315946
2158,-0.07523854175099534
2159,0.0017207319590147906
2160,-0.012161136295228114
2161,-0.033959899173869816
2162,-0.03273409673485851
2163,-0.03798924055203688
2164,-0.03828357540805031
2165,0.1428324124304843
2166,-0.05845620296507777
2167,-0.01139416171775226
2168,0.04490365940409277
2169,-0.05596404889332819
2170,-0.05188090085945648
2171,0.0033643053279778356
2172,0.04408948277795278
2173,-0.007122890678902307
2174,-0.003758113682833397
2175,-0.029354689106635475
2176,-0.020387690970128575
2177,0.007455317083677257
2178,-0.02678248697859375
2179,0.10458834102791531
2180,-0.015216620200102546
2181,0.19814296798068298
2182,-0.05547043029710591
2183,-0.04931405151828125
2184,-0.05141624317346354
2185,-0.023471988672184536
2186,-0.017997591716049432
2187,-0.025000118818058276
2188,-0.03218718165904399
2189,-0.03667350862731207
2190,-0.03798924055203688
2191,0.13952654064662334
2192,-0.05393138723274045
2193,-0.0498205833462297
2194,-0.026543091316782657
2195,-0.042634526706525296
2196,0.04594271621691704
2197,-0.02621331766197161
2198,-0.014080127953601572
2199,0.11536672562025374
2200,-0.012534600440694718
2201,-0.05138845202519919
2202,-0.03801858406553223
2203,0.009743050381684116
2204,0.15939199922359043
2205,0.0500339358902161
2206,0.166733945032144
2207,0.18846400298662025
2208,0.008773999769709315
2209,-0.03573530007369718
2210,-0.04073060473599512
2211,-0.03187587298333439
2212,-0.03798924055203688
2213,-0.06846880498373303
2214,0.0050212410866474115
2215,-0.0339284339131097
2216,-0.013067275856514314
2217,-0.0542955597517928
2218,0.08563775406324432
2219,0.15412480518929478
2220,-0.056519950433309304
2221,-0.0603701001362704
2222,0.04639214874243806
2223,-0.05405113067975017
2224,-0.050931961100473475
2225,-0.04657809194876554
2226,-0.008925383366330827
2227,-0.05065037024910077
2228,0.04708636062193738
2229,0.027987972001556876
2230,0.003332438059541304
2231,0.13602723242135623
2232,0.1843251491483443
2233,-0.0684783545707239
2234,-0.055506209491463135
2235,-0.06700533966589815
2236,0.1564218770759849
2237,0.1552651998034939
2238,0.15252132467126364
2239,-0.05308694997740411
2240,0.1940856431748467
2241,-0.030964361521981783
2242,-0.02920246001178798
2243,-0.03088853616167348
2244,-0.03343608680231193
2245,-0.06395564200059935
2246,0.1647528985574668
2247,0.009182251259277666
2248,-0.04949289384642317
2249,-0.058534481359682713
2250,0.011552343039557123
2251,-0.050788900103917026
2252,-3.628700376622771e-05
2253,-0.03584713030738823
2254,-0.05596717930263388
2255,0.043462315310245754
2256,-0.03885234064497437
2257,-0.0469111168954881
2258,-0.021868260108882796
2259,-0.03798924055203688
2260,-0.0025410190927524106
2261,-0.05628965238178074
2262,-0.07964879702617898
2263,0.02085609400623682
2264,-0.030451683343076477
2265,-0.05507591517771171
2266,-0.05602639551976199
2267,0.1403273769044081
2268,-0.044660489487180606
2269,-0.08444613862704398
2270,-0.02708633282647802
2271,-0.016435915392847958
2272,-0.05613520290455937
2273,0.13407280411902062
2274,-0.06287383854652513
2275,0.005340441458510712
2276,-0.03798924055203688
2277,-0.03656268561308492
2278,-0.05726552585887222
2279,-0.031083509878697898
2280,0.13041433192193175
2281,-0.022828072594844075
2282,0.13856665027709955
2283,0.15914548164211373
2284,-0.06811008135616738
2285,-0.042438589433877294
2286,-0.0409846380223835
2287,-0.07303493984074645
2288,-0.018743028114391595
2289,-0.011425966957089131
2290,0.16656303072498005
2291,-0.03798924055203688
2292,-0.030387420873566183
2293,-0.05492445065079557
2294,0.12181483474546012
2295,-0.045305025445599285
2296,-0.02217513816093109
2297,-0.022042414909524844
2298,-0.016019081220864692
2299,0.16482080568681962
2300,0.1454173365132669
2301,-0.08348574791180474
2302,-0.022467407567733508
2303,0.008265974572867995
2304,-0.033882378164442124
2305,-0.004428616652329433
2306,0.011018197702974849
2307,-0.03798924055203688
2308,0.14087626713641074
2309,-0.03559252647479017
2310,-0.04116359524243596
2311,-0.02809851467529541
2312,-0.007151751755899684
2313,-0.032594758190764614
2314,-0.035490606350478966
2315,-0.035294874353887014
2316,-0.03798924055203688
2317,-0.06343321653591474
2318,-0.029432590846169625
2319,-0.04837348053781472
2320,0.01680732329152244
2321,-0.0011584072181992765
2322,-0.04520529177535689
2323,-0.06712199270419293
2324,-0.062416704307037836
2325,0.007455317083677257
2326,-0.0469111168954881
2327,-0.06320419299555252
2328,-0.059480995455707036
2329,-0.02863942484292795
2330,0.13287736649018583
2331,-0.00467105339280447
2332,0.14963118867664962
2333,-0.036943150142269926
2334,-0.04149135385271946
2335,0.1258845630919009
2336,-0.00044699474449894886
2337,-0.030491770136334997
2338,-0.029955221356096785
2339,0.14520467602882622
2340,0.04768438016801719
2341,0.1944223540576045
2342,-0.05743190291642657
2343,-0.05695061645950633
2344,0.18194285337027713
2345,0.008806272341351253
2346,0.14226968187154237
2347,-0.016401609332349312
2348,0.04408948277795278
2349,-0.057802528869483984
2350,-0.0481901106049675
2351,-0.0021525487443612083
2352,-0.003758113682833397
2353,-0.07379389063167263
2354,-0.043697188465797086
2355,-0.06031274696752284
2356,-0.027434020875926654
2357,0.043812564595890606
2358,-0.012161136295228114
2359,-0.058636141025460345
2360,0.021115648592951078
2361,0.043462315310245754
2362,0.043462315310245754
2363,-0.05463806470624837
2364,-0.0623064271465465
2365,-0.05018543845671475
2366,-0.014075223981750923
2367,-0.06136825479001354
2368,-0.03813574583569764
2369,-0.03489889468267499
2370,-0.01139416171775226
2371,-0.000476552523289107
2372,-0.024854439168880513
2373,-0.0159716143441639
2374,-0.031403691471548076
2375,-0.04739829418271373
2376,0.1433677615406522
2377,-0.03526678330370328
2378,-0.02001238998366472
2379,0.1809028767184637
2380,-0.01058236278387539
2381,-0.03182916089151004
2382,0.17427723880881962
2383,0.006828753439500815
2384,-0.05969970610481048
2385,-0.008307374590510197
2386,-0.023646623548896708
2387,-0.04458287536262761
2388,0.16959915891613805
2389,0.0008911985342143039
2390,-0.04206258718439761
2391,-0.03649198137978011
2392,-0.03252859150613755
2393,-0.03129520154835179
2394,-0.07448897307952863
2395,0.024135736434230375
2396,-0.0456706873413786
2397,0.1800018222146848
2398,0.016743313583824023
2399,-0.03798924055203688
2400,-0.06220449452000541
2401,0.0003748398773358149
2402,0.009156296297350406
2403,0.1349231999005072
2404,0.16164010590889225
2405,-0.04581394178155495
2406,-0.05939534620773113
2407,-0.040882873318274705
2408,-0.07301538861348977
2409,-0.02765696400497942
2410,0.17636404061533806
2411,0.10597897903524302
2412,0.008776174358520685
2413,-0.0489330941533538
2414,-0.02654763185142013
2415,-0.04511430188043304
2416,-0.026726212759962276
2417,-0.04608094099049583
2418,0.01487481574123018
2419,-0.05421022359911751
2420,0.14827890473585337
2421,0.1673063688682885
2422,-0.06865617336343638
2423,0.11956563124871823
2424,0.011018197702974849
2425,-0.0520423181384545
2426,0.17993738932930264
2427,0.005852337620635624
2428,0.10000009775929683
2429,-0.05740071377049283
2430,-0.04590998125344463
2431,-0.06526961862159814
2432,-0.05884585007210809
2433,-0.06254397532161883
2434,-0.052190619130323294
2435,-0.02347798489448559
2436,-0.08366720476889584
2437,-0.06764462156486394
2438,-0.06526584846647714
2439,0.13029019128258804
2440,-0.048440011634479196
2441,-0.029454762873788884
2442,0.16799377868703536
2443,-0.050186394659517825
2444,0.04946498486569816
2445,-0.058734747326484066
2446,-0.0733134146460919
2447,-0.020374557981067694
2448,0.03826752644512701
2449,-0.07958683966963907
2450,-0.06004972670109632
2451,0.17481889379877893
2452,-0.045892900409515484
2453,0.12557500787959547
2454,-0.028662557733818577
2455,-0.059416358651511215
2456,-0.010592052236171753
2457,0.037637096484195165
2458,-0.044683704264813336
2459,-0.05866886917825192
2460,-0.05585989863966894
2461,-0.041258752229073097
2462,-0.034595465915604744
2463,-0.05655121405553978
2464,-0.045275167219251775
2465,-0.0008333151306174741
2466,-0.03286820524829291
2467,-0.036413670076133296
2468,0.16377449617679282
2469,0.04842126012240531
2470,-0.038912889681982255
2471,0.14226968187154237
2472,-0.0377355025355142
2473,-0.05341752658450417
2474,-0.0469111168954881
2475,-0.03032534669773054
2476,-0.07526535023312177
2477,-0.0563485430025637
2478,0.0025731017287810914
2479,-0.06268143835785157
2480,-0.0719103999261817
2481,0.008702536521919622
2482,-0.00288691138358087
2483,-0.0033855136880343046
2484,-0.03187587298333439
2485,0.13962005192096588
2486,-0.03798924055203688
2487,-0.0012460596103256799
2488,-0.04839543955578183
2489,-0.035545640184203815
2490,0.1800018222146848
2491,-0.03453631134698946
2492,0.0028267384038521783
2493,-0.02493263832609022
2494,-0.020380601139842292
2495,-0.03761315501118378
2496,0.12300833030918198
2497,-0.06520913176507433
2498,-0.07019178441381912
2499,-0.023460102124377987
2500,-0.05184539828374085
2501,0.1809028767184637
2502,0.04594271621691704
2503,0.1323232022820293
